/* Insert school year */
INSERT INTO school_year (id, first_year, second_year) VALUES (1, 2020, 2021);

/* Insert class type */
INSERT INTO class_type (id, name) VALUES (1, 'Maths');
INSERT INTO class_type (id, name) VALUES (2, 'Physics');
INSERT INTO class_type (id, name) VALUES (3, 'Chemistry');
INSERT INTO class_type (id, name) VALUES (4, 'Biology');
INSERT INTO class_type (id, name) VALUES (5, 'Geography');
INSERT INTO class_type (id, name) VALUES (6, 'Literature');
INSERT INTO class_type (id, name) VALUES (7, 'IT');

/* Insert subject */
INSERT INTO subject (id, name) VALUES (1, 'Maths');
INSERT INTO subject (id, name) VALUES (2, 'Physics');
INSERT INTO subject (id, name) VALUES (3, 'Chemistry');
INSERT INTO subject (id, name) VALUES (4, 'Biology');
INSERT INTO subject (id, name) VALUES (5, 'Geography');
INSERT INTO subject (id, name) VALUES (6, 'Literature');
INSERT INTO subject (id, name) VALUES (7, 'IT');

/* Insert exam */
INSERT INTO exam (id, exam_type, school_year_id, subject_id) VALUES (1, 'KTM1_HK1', 1, 1);
INSERT INTO exam (id, exam_type, school_year_id, subject_id) VALUES (2, 'KTM2_HK1', 1, 1);
INSERT INTO exam (id, exam_type, school_year_id, subject_id) VALUES (3, 'KT15P1_HK1', 1, 1);
INSERT INTO exam (id, exam_type, school_year_id, subject_id) VALUES (4, 'KT15P2_HK1', 1, 1);
INSERT INTO exam (id, exam_type, school_year_id, subject_id) VALUES (5, 'KT1T1_HK1', 1, 1);
INSERT INTO exam (id, exam_type, school_year_id, subject_id) VALUES (6, 'KT1T2_HK1', 1, 1);
INSERT INTO exam (id, exam_type, school_year_id, subject_id) VALUES (7, 'KTCK_HK1', 1, 1);
INSERT INTO exam (id, exam_type, school_year_id, subject_id) VALUES (8, 'KTM1_HK2', 1, 1);
INSERT INTO exam (id, exam_type, school_year_id, subject_id) VALUES (9, 'KTM2_HK2', 1, 1);
INSERT INTO exam (id, exam_type, school_year_id, subject_id) VALUES (10, 'KT15P1_HK2', 1, 1);
INSERT INTO exam (id, exam_type, school_year_id, subject_id) VALUES (11, 'KT15P2_HK2', 1, 1);
INSERT INTO exam (id, exam_type, school_year_id, subject_id) VALUES (12, 'KT1T1_HK2', 1, 1);
INSERT INTO exam (id, exam_type, school_year_id, subject_id) VALUES (13, 'KT1T2_HK2', 1, 1);
INSERT INTO exam (id, exam_type, school_year_id, subject_id) VALUES (14, 'KTCK_HK2', 1, 1);
INSERT INTO exam (id, exam_type, school_year_id, subject_id) VALUES (15, 'KTM1_HK1', 1, 2);
INSERT INTO exam (id, exam_type, school_year_id, subject_id) VALUES (16, 'KTM2_HK1', 1, 2);
INSERT INTO exam (id, exam_type, school_year_id, subject_id) VALUES (17, 'KT15P1_HK1', 1, 2);
INSERT INTO exam (id, exam_type, school_year_id, subject_id) VALUES (18, 'KT15P2_HK1', 1, 2);
INSERT INTO exam (id, exam_type, school_year_id, subject_id) VALUES (19, 'KT1T1_HK1', 1, 2);
INSERT INTO exam (id, exam_type, school_year_id, subject_id) VALUES (20, 'KT1T2_HK1', 1, 2);
INSERT INTO exam (id, exam_type, school_year_id, subject_id) VALUES (21, 'KTCK_HK1', 1, 2);
INSERT INTO exam (id, exam_type, school_year_id, subject_id) VALUES (22, 'KTM1_HK2', 1, 2);
INSERT INTO exam (id, exam_type, school_year_id, subject_id) VALUES (23, 'KTM2_HK2', 1, 2);
INSERT INTO exam (id, exam_type, school_year_id, subject_id) VALUES (24, 'KT15P1_HK2', 1, 2);
INSERT INTO exam (id, exam_type, school_year_id, subject_id) VALUES (25, 'KT15P2_HK2', 1, 2);
INSERT INTO exam (id, exam_type, school_year_id, subject_id) VALUES (26, 'KT1T1_HK2', 1, 2);
INSERT INTO exam (id, exam_type, school_year_id, subject_id) VALUES (27, 'KT1T2_HK2', 1, 2);
INSERT INTO exam (id, exam_type, school_year_id, subject_id) VALUES (28, 'KTCK_HK2', 1, 2);
INSERT INTO exam (id, exam_type, school_year_id, subject_id) VALUES (29, 'KTM1_HK1', 1, 3);
INSERT INTO exam (id, exam_type, school_year_id, subject_id) VALUES (30, 'KTM2_HK1', 1, 3);
INSERT INTO exam (id, exam_type, school_year_id, subject_id) VALUES (31, 'KT15P1_HK1', 1, 3);
INSERT INTO exam (id, exam_type, school_year_id, subject_id) VALUES (32, 'KT15P2_HK1', 1, 3);
INSERT INTO exam (id, exam_type, school_year_id, subject_id) VALUES (33, 'KT1T1_HK1', 1, 3);
INSERT INTO exam (id, exam_type, school_year_id, subject_id) VALUES (34, 'KT1T2_HK1', 1, 3);
INSERT INTO exam (id, exam_type, school_year_id, subject_id) VALUES (35, 'KTCK_HK1', 1, 3);
INSERT INTO exam (id, exam_type, school_year_id, subject_id) VALUES (36, 'KTM1_HK2', 1, 3);
INSERT INTO exam (id, exam_type, school_year_id, subject_id) VALUES (37, 'KTM2_HK2', 1, 3);
INSERT INTO exam (id, exam_type, school_year_id, subject_id) VALUES (38, 'KT15P1_HK2', 1, 3);
INSERT INTO exam (id, exam_type, school_year_id, subject_id) VALUES (39, 'KT15P2_HK2', 1, 3);
INSERT INTO exam (id, exam_type, school_year_id, subject_id) VALUES (40, 'KT1T1_HK2', 1, 3);
INSERT INTO exam (id, exam_type, school_year_id, subject_id) VALUES (41, 'KT1T2_HK2', 1, 3);
INSERT INTO exam (id, exam_type, school_year_id, subject_id) VALUES (42, 'KTCK_HK2', 1, 3);
INSERT INTO exam (id, exam_type, school_year_id, subject_id) VALUES (43, 'KTM1_HK1', 1, 4);
INSERT INTO exam (id, exam_type, school_year_id, subject_id) VALUES (44, 'KTM2_HK1', 1, 4);
INSERT INTO exam (id, exam_type, school_year_id, subject_id) VALUES (45, 'KT15P1_HK1', 1, 4);
INSERT INTO exam (id, exam_type, school_year_id, subject_id) VALUES (46, 'KT15P2_HK1', 1, 4);
INSERT INTO exam (id, exam_type, school_year_id, subject_id) VALUES (47, 'KT1T1_HK1', 1, 4);
INSERT INTO exam (id, exam_type, school_year_id, subject_id) VALUES (48, 'KT1T2_HK1', 1, 4);
INSERT INTO exam (id, exam_type, school_year_id, subject_id) VALUES (49, 'KTCK_HK1', 1, 4);
INSERT INTO exam (id, exam_type, school_year_id, subject_id) VALUES (50, 'KTM1_HK2', 1, 4);
INSERT INTO exam (id, exam_type, school_year_id, subject_id) VALUES (51, 'KTM2_HK2', 1, 4);
INSERT INTO exam (id, exam_type, school_year_id, subject_id) VALUES (52, 'KT15P1_HK2', 1, 4);
INSERT INTO exam (id, exam_type, school_year_id, subject_id) VALUES (53, 'KT15P2_HK2', 1, 4);
INSERT INTO exam (id, exam_type, school_year_id, subject_id) VALUES (54, 'KT1T1_HK2', 1, 4);
INSERT INTO exam (id, exam_type, school_year_id, subject_id) VALUES (55, 'KT1T2_HK2', 1, 4);
INSERT INTO exam (id, exam_type, school_year_id, subject_id) VALUES (56, 'KTCK_HK2', 1, 4);
INSERT INTO exam (id, exam_type, school_year_id, subject_id) VALUES (57, 'KTM1_HK1', 1, 5);
INSERT INTO exam (id, exam_type, school_year_id, subject_id) VALUES (58, 'KTM2_HK1', 1, 5);
INSERT INTO exam (id, exam_type, school_year_id, subject_id) VALUES (59, 'KT15P1_HK1', 1, 5);
INSERT INTO exam (id, exam_type, school_year_id, subject_id) VALUES (60, 'KT15P2_HK1', 1, 5);
INSERT INTO exam (id, exam_type, school_year_id, subject_id) VALUES (61, 'KT1T1_HK1', 1, 5);
INSERT INTO exam (id, exam_type, school_year_id, subject_id) VALUES (62, 'KT1T2_HK1', 1, 5);
INSERT INTO exam (id, exam_type, school_year_id, subject_id) VALUES (63, 'KTCK_HK1', 1, 5);
INSERT INTO exam (id, exam_type, school_year_id, subject_id) VALUES (64, 'KTM1_HK2', 1, 5);
INSERT INTO exam (id, exam_type, school_year_id, subject_id) VALUES (65, 'KTM2_HK2', 1, 5);
INSERT INTO exam (id, exam_type, school_year_id, subject_id) VALUES (66, 'KT15P1_HK2', 1, 5);
INSERT INTO exam (id, exam_type, school_year_id, subject_id) VALUES (67, 'KT15P2_HK2', 1, 5);
INSERT INTO exam (id, exam_type, school_year_id, subject_id) VALUES (68, 'KT1T1_HK2', 1, 5);
INSERT INTO exam (id, exam_type, school_year_id, subject_id) VALUES (69, 'KT1T2_HK2', 1, 5);
INSERT INTO exam (id, exam_type, school_year_id, subject_id) VALUES (70, 'KTCK_HK2', 1, 5);
INSERT INTO exam (id, exam_type, school_year_id, subject_id) VALUES (71, 'KTM1_HK1', 1, 6);
INSERT INTO exam (id, exam_type, school_year_id, subject_id) VALUES (72, 'KTM2_HK1', 1, 6);
INSERT INTO exam (id, exam_type, school_year_id, subject_id) VALUES (73, 'KT15P1_HK1', 1, 6);
INSERT INTO exam (id, exam_type, school_year_id, subject_id) VALUES (74, 'KT15P2_HK1', 1, 6);
INSERT INTO exam (id, exam_type, school_year_id, subject_id) VALUES (75, 'KT1T1_HK1', 1, 6);
INSERT INTO exam (id, exam_type, school_year_id, subject_id) VALUES (76, 'KT1T2_HK1', 1, 6);
INSERT INTO exam (id, exam_type, school_year_id, subject_id) VALUES (77, 'KTCK_HK1', 1, 6);
INSERT INTO exam (id, exam_type, school_year_id, subject_id) VALUES (78, 'KTM1_HK2', 1, 6);
INSERT INTO exam (id, exam_type, school_year_id, subject_id) VALUES (79, 'KTM2_HK2', 1, 6);
INSERT INTO exam (id, exam_type, school_year_id, subject_id) VALUES (80, 'KT15P1_HK2', 1, 6);
INSERT INTO exam (id, exam_type, school_year_id, subject_id) VALUES (81, 'KT15P2_HK2', 1, 6);
INSERT INTO exam (id, exam_type, school_year_id, subject_id) VALUES (82, 'KT1T1_HK2', 1, 6);
INSERT INTO exam (id, exam_type, school_year_id, subject_id) VALUES (83, 'KT1T2_HK2', 1, 6);
INSERT INTO exam (id, exam_type, school_year_id, subject_id) VALUES (84, 'KTCK_HK2', 1, 6);
INSERT INTO exam (id, exam_type, school_year_id, subject_id) VALUES (85, 'KTM1_HK1', 1, 7);
INSERT INTO exam (id, exam_type, school_year_id, subject_id) VALUES (86, 'KTM2_HK1', 1, 7);
INSERT INTO exam (id, exam_type, school_year_id, subject_id) VALUES (87, 'KT15P1_HK1', 1, 7);
INSERT INTO exam (id, exam_type, school_year_id, subject_id) VALUES (88, 'KT15P2_HK1', 1, 7);
INSERT INTO exam (id, exam_type, school_year_id, subject_id) VALUES (89, 'KT1T1_HK1', 1, 7);
INSERT INTO exam (id, exam_type, school_year_id, subject_id) VALUES (90, 'KT1T2_HK1', 1, 7);
INSERT INTO exam (id, exam_type, school_year_id, subject_id) VALUES (91, 'KTCK_HK1', 1, 7);
INSERT INTO exam (id, exam_type, school_year_id, subject_id) VALUES (92, 'KTM1_HK2', 1, 7);
INSERT INTO exam (id, exam_type, school_year_id, subject_id) VALUES (93, 'KTM2_HK2', 1, 7);
INSERT INTO exam (id, exam_type, school_year_id, subject_id) VALUES (94, 'KT15P1_HK2', 1, 7);
INSERT INTO exam (id, exam_type, school_year_id, subject_id) VALUES (95, 'KT15P2_HK2', 1, 7);
INSERT INTO exam (id, exam_type, school_year_id, subject_id) VALUES (96, 'KT1T1_HK2', 1, 7);
INSERT INTO exam (id, exam_type, school_year_id, subject_id) VALUES (97, 'KT1T2_HK2', 1, 7);
INSERT INTO exam (id, exam_type, school_year_id, subject_id) VALUES (98, 'KTCK_HK2', 1, 7);

/* Insert classes */
INSERT INTO class_room (id, name, class_type_id) VALUES (1, 'M01', 1);
INSERT INTO class_room (id, name, class_type_id) VALUES (2, 'P01', 2);
INSERT INTO class_room (id, name, class_type_id) VALUES (3, 'C01', 3);
INSERT INTO class_room (id, name, class_type_id) VALUES (4, 'B01', 4);
INSERT INTO class_room (id, name, class_type_id) VALUES (5, 'G01', 5);
INSERT INTO class_room (id, name, class_type_id) VALUES (6, 'L01', 6);
INSERT INTO class_room (id, name, class_type_id) VALUES (7, 'I01', 7);

/* Insert Student */
INSERT INTO student (id, first_name, last_name, address, city, phone1, phone2, class_room_id) VALUES (1, 'Cade', 'Moody', '32 Priory Road', 'Estherville', '0942860511', '0910203558', 1);
INSERT INTO student (id, first_name, last_name, address, city, phone1, phone2, class_room_id) VALUES (2, 'Menaal', 'Clemons', '1494 Park Grove', 'Mesquite', '', '0955233282', 1);
INSERT INTO student (id, first_name, last_name, address, city, phone1, phone2, class_room_id) VALUES (3, 'Efe', 'Povey', '849 Fir Tree Close', 'Melbourne', '0920588268', '0935674046', 1);
INSERT INTO student (id, first_name, last_name, address, city, phone1, phone2, class_room_id) VALUES (4, 'Ami', 'Clemons', '677 Spinney Close', 'Norwich', '0954880506', '', 1);
INSERT INTO student (id, first_name, last_name, address, city, phone1, phone2, class_room_id) VALUES (5, 'Nakita', 'Stout', '1426 Alexandra Road', 'Ripon', '0920430507', '0950461378', 1);
INSERT INTO student (id, first_name, last_name, address, city, phone1, phone2, class_room_id) VALUES (6, 'Nasir', 'Rosa', '1733 Charles Street', 'Victorville', '0932570175', '0946584647', 1);
INSERT INTO student (id, first_name, last_name, address, city, phone1, phone2, class_room_id) VALUES (7, 'Sumayya', 'Stein', '1201 Oakwood Road', 'Oxnard', '0924788427', '0911441628', 1);
INSERT INTO student (id, first_name, last_name, address, city, phone1, phone2, class_room_id) VALUES (8, 'Glenda', 'Chan', '1180 Lime Avenue', 'Rugby', '0956344275', '', 1);
INSERT INTO student (id, first_name, last_name, address, city, phone1, phone2, class_room_id) VALUES (9, 'Gurleen', 'Dixon', '784 Rosemary Lane', 'Rugby', '0963501603', '0911001558', 1);
INSERT INTO student (id, first_name, last_name, address, city, phone1, phone2, class_room_id) VALUES (10, 'Bilal', 'Jennings', '147 Alexandra Road', 'Mesquite', '0965545713', '0975880368', 1);
INSERT INTO student (id, first_name, last_name, address, city, phone1, phone2, class_room_id) VALUES (11, 'Arnie', 'Reyes', '1267 Willow Drive', 'Corpus Christi', '0931864418', '0960220202', 1);
INSERT INTO student (id, first_name, last_name, address, city, phone1, phone2, class_room_id) VALUES (12, 'Susannah', 'Farley', '482 Hall Lane', 'Harrison', '', '', 1);
INSERT INTO student (id, first_name, last_name, address, city, phone1, phone2, class_room_id) VALUES (13, 'Nasir', 'Booth', '807 Rowan Close', 'Quincy', '0977307705', '', 1);
INSERT INTO student (id, first_name, last_name, address, city, phone1, phone2, class_room_id) VALUES (14, 'Bilal', 'Moody', '1323 Fir Tree Close', 'Ripon', '', '0941324781', 1);
INSERT INTO student (id, first_name, last_name, address, city, phone1, phone2, class_room_id) VALUES (15, 'Ellise', 'Escobar', '1809 Castle Street', 'Quincy', '', '0947210835', 1);
INSERT INTO student (id, first_name, last_name, address, city, phone1, phone2, class_room_id) VALUES (16, 'Ami', 'Pitt', '1581 Willow Road', 'Lake Charles', '0948556780', '0987174667', 1);
INSERT INTO student (id, first_name, last_name, address, city, phone1, phone2, class_room_id) VALUES (17, 'Gurleen', 'Orozco', '1464 Long Lane', 'Seattle', '', '0968852457', 1);
INSERT INTO student (id, first_name, last_name, address, city, phone1, phone2, class_room_id) VALUES (18, 'Mylo', 'Maldonado', '555 Kings Close', 'Moab', '0948762674', '0925014035', 1);
INSERT INTO student (id, first_name, last_name, address, city, phone1, phone2, class_room_id) VALUES (19, 'Taylor', 'Dixon', '22 Hawthorn Drive', 'Rotterdam', '', '0977675341', 1);
INSERT INTO student (id, first_name, last_name, address, city, phone1, phone2, class_room_id) VALUES (20, 'Kamila', 'Ware', '1778 Wood Street', 'Rotterdam', '', '', 1);
INSERT INTO student (id, first_name, last_name, address, city, phone1, phone2, class_room_id) VALUES (21, 'Efe', 'Kelley', '1810 Westbourne Road', 'Rugby', '0924610565', '0954678518', 1);
INSERT INTO student (id, first_name, last_name, address, city, phone1, phone2, class_room_id) VALUES (22, 'Menaal', 'Tate', '1125 Bramble Close', 'Moab', '0906435747', '0911233430', 1);
INSERT INTO student (id, first_name, last_name, address, city, phone1, phone2, class_room_id) VALUES (23, 'Cade', 'Maldonado', '1780 The Meadows', 'Little Falls', '', '0916456665', 1);
INSERT INTO student (id, first_name, last_name, address, city, phone1, phone2, class_room_id) VALUES (24, 'Issac', 'Ware', '1413 Alexandra Road', 'Lakehurst', '0981000846', '0918182322', 1);
INSERT INTO student (id, first_name, last_name, address, city, phone1, phone2, class_room_id) VALUES (25, 'Reo', 'Drummond', '238 The Meadows', 'Lakehurst', '0945144586', '', 1);
INSERT INTO student (id, first_name, last_name, address, city, phone1, phone2, class_room_id) VALUES (26, 'Efe', 'Reyes', '870 Mayfield Avenue', 'Spearfish', '0976211474', '', 1);
INSERT INTO student (id, first_name, last_name, address, city, phone1, phone2, class_room_id) VALUES (27, 'Teegan', 'Ware', '1850 Grosvenor Road', 'Lubbock', '0984471848', '0915771050', 1);
INSERT INTO student (id, first_name, last_name, address, city, phone1, phone2, class_room_id) VALUES (28, 'Dennis', 'Solomon', '455 Forge Lane', 'Mesquite', '0978823802', '0943164180', 1);
INSERT INTO student (id, first_name, last_name, address, city, phone1, phone2, class_room_id) VALUES (29, 'Issac', 'Cox', '1924 Grosvenor Street', 'Cushing', '', '', 1);
INSERT INTO student (id, first_name, last_name, address, city, phone1, phone2, class_room_id) VALUES (30, 'Bryony', 'Conley', '1404 Hamilton Close', 'Mesquite', '', '', 1);
INSERT INTO student (id, first_name, last_name, address, city, phone1, phone2, class_room_id) VALUES (31, 'Kelvin', 'Mccallum', '1099 Kestrel Close', 'Lubbock', '', '0925160812', 2);
INSERT INTO student (id, first_name, last_name, address, city, phone1, phone2, class_room_id) VALUES (32, 'Daanyaal', 'Rosa', '1338 The Fairway', 'Cushing', '0988755230', '0955167012', 2);
INSERT INTO student (id, first_name, last_name, address, city, phone1, phone2, class_room_id) VALUES (33, 'Dennis', 'Field', '1769 Norfolk Street', 'Lakewood', '0953106821', '0950483318', 2);
INSERT INTO student (id, first_name, last_name, address, city, phone1, phone2, class_room_id) VALUES (34, 'Zachariah', 'Pitt', '943 Charles Street', 'Morganton', '0935841742', '0933215755', 2);
INSERT INTO student (id, first_name, last_name, address, city, phone1, phone2, class_room_id) VALUES (35, 'Glenda', 'Glover', '977 Saxon Road', 'Pawhuska', '', '', 2);
INSERT INTO student (id, first_name, last_name, address, city, phone1, phone2, class_room_id) VALUES (36, 'Amman', 'Drummond', '892 Birch Close', 'Arkansas Post', '0926705603', '0962746277', 2);
INSERT INTO student (id, first_name, last_name, address, city, phone1, phone2, class_room_id) VALUES (37, 'Sumayya', 'Solomon', '1825 Orchid Close', 'Kilgore', '0935418337', '', 2);
INSERT INTO student (id, first_name, last_name, address, city, phone1, phone2, class_room_id) VALUES (38, 'Marlene', 'Vazquez', '1449 Broadway', 'Cushing', '0915504456', '0966404381', 2);
INSERT INTO student (id, first_name, last_name, address, city, phone1, phone2, class_room_id) VALUES (39, 'Nasir', 'Solomon', '1649 The Square', 'Randolph', '', '', 2);
INSERT INTO student (id, first_name, last_name, address, city, phone1, phone2, class_room_id) VALUES (40, 'Lucie', 'Page', '222 The Glebe', 'Norwich', '0981611016', '', 2);
INSERT INTO student (id, first_name, last_name, address, city, phone1, phone2, class_room_id) VALUES (41, 'Bilal', 'Pitt', '1600 Maple Avenue', 'Moab', '0908205202', '0906538088', 2);
INSERT INTO student (id, first_name, last_name, address, city, phone1, phone2, class_room_id) VALUES (42, 'Lucie', 'Reyes', '95 Trinity Street', 'Muscatine', '0918340412', '0948412847', 2);
INSERT INTO student (id, first_name, last_name, address, city, phone1, phone2, class_room_id) VALUES (43, 'Coco', 'Glover', '1251 Alexandra Road', 'Muscatine', '', '0914652883', 2);
INSERT INTO student (id, first_name, last_name, address, city, phone1, phone2, class_room_id) VALUES (44, 'Lori', 'Dixon', '1627 Station Lane', 'Golden', '0930326121', '', 2);
INSERT INTO student (id, first_name, last_name, address, city, phone1, phone2, class_room_id) VALUES (45, 'Issac', 'Povey', '591 The Glebe', 'San Luis Obispo', '', '0945851052', 2);
INSERT INTO student (id, first_name, last_name, address, city, phone1, phone2, class_room_id) VALUES (46, 'Cade', 'Cox', '1674 Grosvenor Road', 'Lumberton', '0970176421', '0977174021', 2);
INSERT INTO student (id, first_name, last_name, address, city, phone1, phone2, class_room_id) VALUES (47, 'Susannah', 'Rosa', '85 Orchid Close', 'Melbourne', '0951671738', '0920737625', 2);
INSERT INTO student (id, first_name, last_name, address, city, phone1, phone2, class_room_id) VALUES (48, 'Taylor', 'Rasmussen', '849 Balmoral Close', 'Braintree', '', '0921610432', 2);
INSERT INTO student (id, first_name, last_name, address, city, phone1, phone2, class_room_id) VALUES (49, 'Dennis', 'Maldonado', '1436 Linden Road', 'Fort Pierce', '0946345355', '0980361767', 2);
INSERT INTO student (id, first_name, last_name, address, city, phone1, phone2, class_room_id) VALUES (50, 'Bryony', 'Harrington', '394 Queensway', 'Lumberton', '0933868304', '', 2);
INSERT INTO student (id, first_name, last_name, address, city, phone1, phone2, class_room_id) VALUES (51, 'Amman', 'Glover', '1330 Hawthorn Drive', 'Harrison', '0958361480', '0964121556', 2);
INSERT INTO student (id, first_name, last_name, address, city, phone1, phone2, class_room_id) VALUES (52, 'Phyllis', 'Pitt', '1582 Linden Road', 'Hoboken', '0970663017', '0936870520', 2);
INSERT INTO student (id, first_name, last_name, address, city, phone1, phone2, class_room_id) VALUES (53, 'Menaal', 'Clemons', '1723 Rosemary Lane', 'Harrison', '0986571072', '0933305380', 2);
INSERT INTO student (id, first_name, last_name, address, city, phone1, phone2, class_room_id) VALUES (54, 'Gurleen', 'Vazquez', '1943 The Moorings', 'Pawhuska', '0938203618', '', 2);
INSERT INTO student (id, first_name, last_name, address, city, phone1, phone2, class_room_id) VALUES (55, 'Zachariah', 'Frey', '1862 Park Way', 'Irvington', '0903187713', '0950046268', 2);
INSERT INTO student (id, first_name, last_name, address, city, phone1, phone2, class_room_id) VALUES (56, 'Miyah', 'Blair', '100 Rutland Road', 'Stonington', '0984483875', '', 2);
INSERT INTO student (id, first_name, last_name, address, city, phone1, phone2, class_room_id) VALUES (57, 'Amman', 'Frey', '1172 The Pines', 'Roseville', '0957448667', '0945413723', 2);
INSERT INTO student (id, first_name, last_name, address, city, phone1, phone2, class_room_id) VALUES (58, 'Krista', 'Glover', '1787 Commercial Street', 'Estherville', '0966202371', '0985788777', 2);
INSERT INTO student (id, first_name, last_name, address, city, phone1, phone2, class_room_id) VALUES (59, 'Efe', 'Escobar', '1754 Alexandra Road', 'Bartlesville', '0931144442', '0904005136', 2);
INSERT INTO student (id, first_name, last_name, address, city, phone1, phone2, class_room_id) VALUES (60, 'Lucie', 'Frey', '261 Wood Street', 'Irvington', '', '0967717841', 2);
INSERT INTO student (id, first_name, last_name, address, city, phone1, phone2, class_room_id) VALUES (61, 'Reo', 'Page', '1027 Grove Avenue', 'Little Falls', '0916557317', '0978454760', 3);
INSERT INTO student (id, first_name, last_name, address, city, phone1, phone2, class_room_id) VALUES (62, 'Lucie', 'Conley', '1964 Linden Grove', 'Bartlesville', '0916478823', '0985076572', 3);
INSERT INTO student (id, first_name, last_name, address, city, phone1, phone2, class_room_id) VALUES (63, 'Daanyaal', 'Stein', '1579 Commercial Street', 'Huntington Beach', '', '0982226337', 3);
INSERT INTO student (id, first_name, last_name, address, city, phone1, phone2, class_room_id) VALUES (64, 'Gurleen', 'Cottrell', '1851 Grosvenor Street', 'Pass Christian', '0940235857', '0975048024', 3);
INSERT INTO student (id, first_name, last_name, address, city, phone1, phone2, class_room_id) VALUES (65, 'Dennis', 'Cottrell', '860 Linden Grove', 'Peekskill', '0972345324', '', 3);
INSERT INTO student (id, first_name, last_name, address, city, phone1, phone2, class_room_id) VALUES (66, 'Prince', 'Booth', '1534 Derwent Avenue', 'Muscatine', '0923464420', '0952203378', 3);
INSERT INTO student (id, first_name, last_name, address, city, phone1, phone2, class_room_id) VALUES (67, 'Gus', 'Person', '475 Lime Avenue', 'Randolph', '0958312170', '', 3);
INSERT INTO student (id, first_name, last_name, address, city, phone1, phone2, class_room_id) VALUES (68, 'Teegan', 'Mcclain', '175 Balmoral Close', 'Altus', '0965415155', '0972347725', 3);
INSERT INTO student (id, first_name, last_name, address, city, phone1, phone2, class_room_id) VALUES (69, 'Ami', 'Frey', '1637 Hardy Close', 'Whittier', '0980541838', '0963113555', 3);
INSERT INTO student (id, first_name, last_name, address, city, phone1, phone2, class_room_id) VALUES (70, 'Daanyaal', 'Mccullough', '1672 Linden Grove', 'Huntington Beach', '0951281062', '0900473736', 3);
INSERT INTO student (id, first_name, last_name, address, city, phone1, phone2, class_room_id) VALUES (71, 'Taylor', 'Moody', '1650 The Drive', 'East Hartford', '0970157322', '0946145217', 3);
INSERT INTO student (id, first_name, last_name, address, city, phone1, phone2, class_room_id) VALUES (72, 'Alayah', 'Tate', '1240 Oakwood Road', 'Mesquite', '', '', 3);
INSERT INTO student (id, first_name, last_name, address, city, phone1, phone2, class_room_id) VALUES (73, 'Krista', 'Vazquez', '851 The Fairway', 'Decatur', '0932410648', '0976475286', 3);
INSERT INTO student (id, first_name, last_name, address, city, phone1, phone2, class_room_id) VALUES (74, 'Lucie', 'Glover', '719 Balmoral Close', 'Pass Christian', '', '0946855141', 3);
INSERT INTO student (id, first_name, last_name, address, city, phone1, phone2, class_room_id) VALUES (75, 'Bryony', 'Sims', '1283 Forge Lane', 'Cushing', '0963855513', '', 3);
INSERT INTO student (id, first_name, last_name, address, city, phone1, phone2, class_room_id) VALUES (76, 'Amman', 'Conley', '329 The Fairway', 'Lakewood', '0906166520', '', 3);
INSERT INTO student (id, first_name, last_name, address, city, phone1, phone2, class_room_id) VALUES (77, 'Reo', 'Reyes', '1735 Grove Avenue', 'Ripon', '0932644578', '0947844537', 3);
INSERT INTO student (id, first_name, last_name, address, city, phone1, phone2, class_room_id) VALUES (78, 'Alara', 'Melton', '532 Albert Road', 'Victorville', '0941367430', '0975884646', 3);
INSERT INTO student (id, first_name, last_name, address, city, phone1, phone2, class_room_id) VALUES (79, 'Coco', 'Rosa', '1821 Park Crescent', 'Whittier', '', '0945268566', 3);
INSERT INTO student (id, first_name, last_name, address, city, phone1, phone2, class_room_id) VALUES (80, 'Ellise', 'Dixon', '1269 The Paddocks', 'Harrison', '0955457151', '0928185254', 3);
INSERT INTO student (id, first_name, last_name, address, city, phone1, phone2, class_room_id) VALUES (81, 'Taylor', 'Chan', '1238 Warwick Road', 'Peekskill', '0974344332', '0903237076', 3);
INSERT INTO student (id, first_name, last_name, address, city, phone1, phone2, class_room_id) VALUES (82, 'Efe', 'Kelley', '873 Highfield Drive', 'Seattle', '0953866733', '', 3);
INSERT INTO student (id, first_name, last_name, address, city, phone1, phone2, class_room_id) VALUES (83, 'Bryony', 'Escobar', '678 Linden Road', 'Melbourne', '0918354824', '', 3);
INSERT INTO student (id, first_name, last_name, address, city, phone1, phone2, class_room_id) VALUES (84, 'Gus', 'Cottrell', '1472 Magnolia Close', 'Rugby', '', '', 3);
INSERT INTO student (id, first_name, last_name, address, city, phone1, phone2, class_room_id) VALUES (85, 'Ellise', 'Nelson', '895 Park Crescent', 'Altus', '0902636078', '0937223273', 3);
INSERT INTO student (id, first_name, last_name, address, city, phone1, phone2, class_room_id) VALUES (86, 'Zachariah', 'Driscoll', '1006 Kings Close', 'Norwich', '0940786341', '', 3);
INSERT INTO student (id, first_name, last_name, address, city, phone1, phone2, class_room_id) VALUES (87, 'Bryony', 'Vazquez', '910 Willow Road', 'Lumberton', '', '', 3);
INSERT INTO student (id, first_name, last_name, address, city, phone1, phone2, class_room_id) VALUES (88, 'Ceara', 'Rasmussen', '1849 Church Hill', 'Rotterdam', '', '0943453410', 3);
INSERT INTO student (id, first_name, last_name, address, city, phone1, phone2, class_room_id) VALUES (89, 'Gus', 'Rasmussen', '520 Ash Street', 'Irvington', '0920787432', '0987242314', 3);
INSERT INTO student (id, first_name, last_name, address, city, phone1, phone2, class_room_id) VALUES (90, 'Ami', 'Page', '653 Queensway', 'Spearfish', '', '0936887144', 3);
INSERT INTO student (id, first_name, last_name, address, city, phone1, phone2, class_room_id) VALUES (91, 'Efe', 'Rasmussen', '1250 Queensway', 'Lubbock', '', '0963221701', 4);
INSERT INTO student (id, first_name, last_name, address, city, phone1, phone2, class_room_id) VALUES (92, 'Taylor', 'Bateman', '242 Silver Street', 'Pass Christian', '0952672206', '0956454122', 4);
INSERT INTO student (id, first_name, last_name, address, city, phone1, phone2, class_room_id) VALUES (93, 'Gus', 'Person', '199 The Square', 'Cushing', '0950526500', '0954582857', 4);
INSERT INTO student (id, first_name, last_name, address, city, phone1, phone2, class_room_id) VALUES (94, 'Ellise', 'Cottrell', '1761 Hall Lane', 'Glen Ellyn', '0936468378', '0927723818', 4);
INSERT INTO student (id, first_name, last_name, address, city, phone1, phone2, class_room_id) VALUES (95, 'Bryony', 'Maldonado', '1154 Heathfield Road', 'Glen Ellyn', '0948207333', '', 4);
INSERT INTO student (id, first_name, last_name, address, city, phone1, phone2, class_room_id) VALUES (96, 'Daanyaal', 'Cox', '637 Lime Street', 'Lakewood', '', '0967657838', 4);
INSERT INTO student (id, first_name, last_name, address, city, phone1, phone2, class_room_id) VALUES (97, 'Abi', 'Moody', '344 Saxon Road', 'Fort Pierce', '0943515477', '0936762114', 4);
INSERT INTO student (id, first_name, last_name, address, city, phone1, phone2, class_room_id) VALUES (98, 'Taylor', 'Clemons', '172 Milton Street', 'Mesquite', '', '', 4);
INSERT INTO student (id, first_name, last_name, address, city, phone1, phone2, class_room_id) VALUES (99, 'Lucie', 'Harrington', '903 Lime Avenue', 'Randolph', '', '', 4);
INSERT INTO student (id, first_name, last_name, address, city, phone1, phone2, class_room_id) VALUES (100, 'Zachariah', 'Nelson', '615 Balmoral Close', 'Decatur', '0960425650', '0948800801', 4);
INSERT INTO student (id, first_name, last_name, address, city, phone1, phone2, class_room_id) VALUES (101, 'Lori', 'Blair', '522 The Nook', 'Fort Pierce', '0915505751', '0940756482', 4);
INSERT INTO student (id, first_name, last_name, address, city, phone1, phone2, class_room_id) VALUES (102, 'Menaal', 'Jennings', '226 Hawthorn Drive', 'Estherville', '0965305526', '0928547823', 4);
INSERT INTO student (id, first_name, last_name, address, city, phone1, phone2, class_room_id) VALUES (103, 'Mylo', 'Stein', '555 The Paddocks', 'Golden', '0930607826', '', 4);
INSERT INTO student (id, first_name, last_name, address, city, phone1, phone2, class_room_id) VALUES (104, 'Bryony', 'Blair', '213 Grove Avenue', 'Moab', '0978531628', '0978452042', 4);
INSERT INTO student (id, first_name, last_name, address, city, phone1, phone2, class_room_id) VALUES (105, 'Gurleen', 'Mccallum', '107 Beechwood Road', 'Glen Ellyn', '0976607615', '', 4);
INSERT INTO student (id, first_name, last_name, address, city, phone1, phone2, class_room_id) VALUES (106, 'Abi', 'Stout', '905 Willow Drive', 'Moab', '0942113045', '0908813351', 4);
INSERT INTO student (id, first_name, last_name, address, city, phone1, phone2, class_room_id) VALUES (107, 'Prince', 'Mcclain', '1516 St Andrews Close', 'Hoboken', '0976527248', '0932120863', 4);
INSERT INTO student (id, first_name, last_name, address, city, phone1, phone2, class_room_id) VALUES (108, 'Gurleen', 'Bateman', '1597 Linden Road', 'Ripon', '', '0986162028', 4);
INSERT INTO student (id, first_name, last_name, address, city, phone1, phone2, class_room_id) VALUES (109, 'Alara', 'Rosa', '1444 Park Grove', 'Hoboken', '0941487008', '', 4);
INSERT INTO student (id, first_name, last_name, address, city, phone1, phone2, class_room_id) VALUES (110, 'Cade', 'Rosa', '837 Beechwood Road', 'Lake Charles', '0928377660', '0951655866', 4);
INSERT INTO student (id, first_name, last_name, address, city, phone1, phone2, class_room_id) VALUES (111, 'Efe', 'Escobar', '1056 The Fairway', 'Peekskill', '0912627314', '', 4);
INSERT INTO student (id, first_name, last_name, address, city, phone1, phone2, class_room_id) VALUES (112, 'Coco', 'Melton', '637 Hamilton Road', 'Decatur', '0941527683', '0922177348', 4);
INSERT INTO student (id, first_name, last_name, address, city, phone1, phone2, class_room_id) VALUES (113, 'Miyah', 'Bateman', '567 Charles Street', 'Ripon', '0974164483', '0983506028', 4);
INSERT INTO student (id, first_name, last_name, address, city, phone1, phone2, class_room_id) VALUES (114, 'Glenda', 'Clemons', '1587 Queensway', 'Quincy', '0947721160', '0977840685', 4);
INSERT INTO student (id, first_name, last_name, address, city, phone1, phone2, class_room_id) VALUES (115, 'Teegan', 'Booth', '1677 The Meadows', 'Fort Pierce', '0923205661', '0975813477', 4);
INSERT INTO student (id, first_name, last_name, address, city, phone1, phone2, class_room_id) VALUES (116, 'Abi', 'Mccullough', '1845 Castle Street', 'Corpus Christi', '0908501356', '0976438071', 4);
INSERT INTO student (id, first_name, last_name, address, city, phone1, phone2, class_room_id) VALUES (117, 'Marlene', 'Dixon', '691 Charles Street', 'Bessemer', '0937416524', '', 4);
INSERT INTO student (id, first_name, last_name, address, city, phone1, phone2, class_room_id) VALUES (118, 'Zachariah', 'Ware', '1175 Oakwood Road', 'Lumberton', '0923030857', '0926867767', 4);
INSERT INTO student (id, first_name, last_name, address, city, phone1, phone2, class_room_id) VALUES (119, 'Alayah', 'Vazquez', '1758 Hall Lane', 'Bessemer', '0950386108', '0978248178', 4);
INSERT INTO student (id, first_name, last_name, address, city, phone1, phone2, class_room_id) VALUES (120, 'Bilal', 'Cox', '1684 Fir Tree Close', 'Bartlesville', '0982452606', '0954542350', 4);
INSERT INTO student (id, first_name, last_name, address, city, phone1, phone2, class_room_id) VALUES (121, 'Gurleen', 'Page', '530 Silver Street', 'Melbourne', '0922604144', '0980206832', 5);
INSERT INTO student (id, first_name, last_name, address, city, phone1, phone2, class_room_id) VALUES (122, 'Daanyaal', 'Orozco', '1570 The Drive', 'Lakewood', '0937228004', '', 5);
INSERT INTO student (id, first_name, last_name, address, city, phone1, phone2, class_room_id) VALUES (123, 'Bryony', 'Glover', '823 Oaklands', 'Arkansas Post', '', '0967720082', 5);
INSERT INTO student (id, first_name, last_name, address, city, phone1, phone2, class_room_id) VALUES (124, 'Bryony', 'Bateman', '103 Magnolia Close', 'Altus', '', '', 5);
INSERT INTO student (id, first_name, last_name, address, city, phone1, phone2, class_room_id) VALUES (125, 'Bilal', 'Glover', '906 Park Crescent', 'Hoboken', '', '0984687716', 5);
INSERT INTO student (id, first_name, last_name, address, city, phone1, phone2, class_room_id) VALUES (126, 'Ceara', 'Conley', '1649 The Square', 'Lakehurst', '0917451128', '', 5);
INSERT INTO student (id, first_name, last_name, address, city, phone1, phone2, class_room_id) VALUES (127, 'Sumayya', 'Reyes', '1323 Eastern Avenue', 'Hoquiam', '0944243273', '0907605667', 5);
INSERT INTO student (id, first_name, last_name, address, city, phone1, phone2, class_room_id) VALUES (128, 'Gurleen', 'Stein', '299 Long Lane', 'Oxnard', '0981406014', '', 5);
INSERT INTO student (id, first_name, last_name, address, city, phone1, phone2, class_room_id) VALUES (129, 'Ellise', 'Orozco', '170 London Road', 'Hoquiam', '0966624587', '0922636857', 5);
INSERT INTO student (id, first_name, last_name, address, city, phone1, phone2, class_room_id) VALUES (130, 'Daanyaal', 'Vazquez', '869 Heathfield Road', 'Harrison', '', '0941470513', 5);
INSERT INTO student (id, first_name, last_name, address, city, phone1, phone2, class_room_id) VALUES (131, 'Bilal', 'Person', '1965 Park Grove', 'Quincy', '0977176752', '0974160235', 5);
INSERT INTO student (id, first_name, last_name, address, city, phone1, phone2, class_room_id) VALUES (132, 'Marlene', 'Mccullough', '875 St Andrews Close', 'Melbourne', '0908505314', '0928838702', 5);
INSERT INTO student (id, first_name, last_name, address, city, phone1, phone2, class_room_id) VALUES (133, 'Issac', 'Conley', '2 Grosvenor Street', 'Irvington', '0946006664', '0904221048', 5);
INSERT INTO student (id, first_name, last_name, address, city, phone1, phone2, class_room_id) VALUES (134, 'Cade', 'Farley', '404 Laburnum Close', 'Randolph', '', '0912071778', 5);
INSERT INTO student (id, first_name, last_name, address, city, phone1, phone2, class_room_id) VALUES (135, 'Nasir', 'Clemons', '185 Oaklands', 'Norwich', '0938414624', '0960411550', 5);
INSERT INTO student (id, first_name, last_name, address, city, phone1, phone2, class_room_id) VALUES (136, 'Cade', 'Mccullough', '439 Magnolia Close', 'Muscatine', '0954170566', '0954184050', 5);
INSERT INTO student (id, first_name, last_name, address, city, phone1, phone2, class_room_id) VALUES (137, 'Sahra', 'Bateman', '1963 Norfolk Street', 'Pass Christian', '', '0983171524', 5);
INSERT INTO student (id, first_name, last_name, address, city, phone1, phone2, class_room_id) VALUES (138, 'Alayah', 'Cottrell', '1895 St Andrews Close', 'Irvington', '0937426062', '0910162183', 5);
INSERT INTO student (id, first_name, last_name, address, city, phone1, phone2, class_room_id) VALUES (139, 'Lori', 'Pitt', '207 Main Road', 'Fort Pierce', '', '', 5);
INSERT INTO student (id, first_name, last_name, address, city, phone1, phone2, class_room_id) VALUES (140, 'Alayah', 'Cox', '1475 Westfield Drive', 'Ripon', '0948683738', '', 5);
INSERT INTO student (id, first_name, last_name, address, city, phone1, phone2, class_room_id) VALUES (141, 'Reo', 'Pitt', '1407 Beechwood Road', 'Decatur', '', '0977647643', 5);
INSERT INTO student (id, first_name, last_name, address, city, phone1, phone2, class_room_id) VALUES (142, 'Krista', 'Rasmussen', '1096 Hall Lane', 'Mesquite', '0956538675', '0916688757', 5);
INSERT INTO student (id, first_name, last_name, address, city, phone1, phone2, class_room_id) VALUES (143, 'Mylo', 'Jennings', '134 Well Lane', 'Pawhuska', '0967714308', '', 5);
INSERT INTO student (id, first_name, last_name, address, city, phone1, phone2, class_room_id) VALUES (144, 'Sumayya', 'Melton', '165 Heathfield Road', 'Altus', '0927113801', '', 5);
INSERT INTO student (id, first_name, last_name, address, city, phone1, phone2, class_room_id) VALUES (145, 'Zachariah', 'Clemons', '1529 Beverley Road', 'Hoquiam', '0938744351', '0936186441', 5);
INSERT INTO student (id, first_name, last_name, address, city, phone1, phone2, class_room_id) VALUES (146, 'Sumayya', 'Sims', '889 Princes Street', 'Seattle', '', '0926440202', 5);
INSERT INTO student (id, first_name, last_name, address, city, phone1, phone2, class_room_id) VALUES (147, 'Mylo', 'Tate', '557 Mayfield Avenue', 'Harrison', '0937851011', '0975147202', 5);
INSERT INTO student (id, first_name, last_name, address, city, phone1, phone2, class_room_id) VALUES (148, 'Gurleen', 'Booth', '1640 Eastern Avenue', 'Pass Christian', '0914438508', '0933182473', 5);
INSERT INTO student (id, first_name, last_name, address, city, phone1, phone2, class_room_id) VALUES (149, 'Alara', 'Rosa', '96 Hill Street', 'Mesquite', '0962231042', '0976168685', 5);
INSERT INTO student (id, first_name, last_name, address, city, phone1, phone2, class_room_id) VALUES (150, 'Cade', 'Frey', '1963 Broadway', 'Seattle', '0971775165', '', 5);
INSERT INTO student (id, first_name, last_name, address, city, phone1, phone2, class_room_id) VALUES (151, 'Gus', 'Ware', '553 Princes Street', 'Lakehurst', '', '', 6);
INSERT INTO student (id, first_name, last_name, address, city, phone1, phone2, class_room_id) VALUES (152, 'Mylo', 'Moran', '438 Long Lane', 'Irvington', '0957870711', '0986684077', 6);
INSERT INTO student (id, first_name, last_name, address, city, phone1, phone2, class_room_id) VALUES (153, 'Ellise', 'Clemons', '641 Douglas Road', 'Quincy', '0988054252', '0918735342', 6);
INSERT INTO student (id, first_name, last_name, address, city, phone1, phone2, class_room_id) VALUES (154, 'Krista', 'Mccallum', '1174 The Moorings', 'Victorville', '0922486775', '0966528503', 6);
INSERT INTO student (id, first_name, last_name, address, city, phone1, phone2, class_room_id) VALUES (155, 'Teegan', 'Farley', '76 Orchid Close', 'Little Falls', '0932636512', '0957322713', 6);
INSERT INTO student (id, first_name, last_name, address, city, phone1, phone2, class_room_id) VALUES (156, 'Marlene', 'Mccallum', '1702 Saxon Road', 'Decatur', '0975381123', '0970557838', 6);
INSERT INTO student (id, first_name, last_name, address, city, phone1, phone2, class_room_id) VALUES (157, 'Frederic', 'Person', '1684 Saxon Road', 'Fort Pierce', '', '', 6);
INSERT INTO student (id, first_name, last_name, address, city, phone1, phone2, class_room_id) VALUES (158, 'Marlene', 'Mccullough', '1145 Maple Avenue', 'Lakehurst', '0935366478', '0946033646', 6);
INSERT INTO student (id, first_name, last_name, address, city, phone1, phone2, class_room_id) VALUES (159, 'Phyllis', 'Mccullough', '1736 Castle Street', 'Arkansas Post', '0913854501', '0915068210', 6);
INSERT INTO student (id, first_name, last_name, address, city, phone1, phone2, class_room_id) VALUES (160, 'Coco', 'Maldonado', '1584 Beverley Road', 'Seattle', '', '', 6);
INSERT INTO student (id, first_name, last_name, address, city, phone1, phone2, class_room_id) VALUES (161, 'Taylor', 'Pitt', '1811 Kings Close', 'Whittier', '', '', 6);
INSERT INTO student (id, first_name, last_name, address, city, phone1, phone2, class_room_id) VALUES (162, 'Issac', 'Cottrell', '1582 Ash Street', 'Roseville', '0957365231', '0937871638', 6);
INSERT INTO student (id, first_name, last_name, address, city, phone1, phone2, class_room_id) VALUES (163, 'Susannah', 'Jennings', '484 Willow Road', 'Stonington', '0970278574', '0957541136', 6);
INSERT INTO student (id, first_name, last_name, address, city, phone1, phone2, class_room_id) VALUES (164, 'Miyah', 'Sims', '466 Grove Avenue', 'Victorville', '0915520635', '0953567804', 6);
INSERT INTO student (id, first_name, last_name, address, city, phone1, phone2, class_room_id) VALUES (165, 'Kelvin', 'Frey', '671 Church Hill', 'Braintree', '0975301668', '', 6);
INSERT INTO student (id, first_name, last_name, address, city, phone1, phone2, class_room_id) VALUES (166, 'Mylo', 'Blair', '1339 Milton Street', 'Altus', '0960750141', '0951686264', 6);
INSERT INTO student (id, first_name, last_name, address, city, phone1, phone2, class_room_id) VALUES (167, 'Teegan', 'Conley', '645 Linden Road', 'Melbourne', '', '0925130118', 6);
INSERT INTO student (id, first_name, last_name, address, city, phone1, phone2, class_room_id) VALUES (168, 'Dennis', 'Harrington', '1380 Eastern Avenue', 'Stonington', '', '', 6);
INSERT INTO student (id, first_name, last_name, address, city, phone1, phone2, class_room_id) VALUES (169, 'Ariyah', 'Rosa', '1581 Willow Road', 'Kilgore', '0965672276', '0970587513', 6);
INSERT INTO student (id, first_name, last_name, address, city, phone1, phone2, class_room_id) VALUES (170, 'Alara', 'Povey', '1290 Heath Road', 'Lakehurst', '', '0920678357', 6);
INSERT INTO student (id, first_name, last_name, address, city, phone1, phone2, class_room_id) VALUES (171, 'Menaal', 'Moody', '829 Birch Close', 'San Luis Obispo', '0987401175', '0966643628', 6);
INSERT INTO student (id, first_name, last_name, address, city, phone1, phone2, class_room_id) VALUES (172, 'Nakita', 'Jennings', '1594 Westfield Drive', 'Fort Pierce', '0916622211', '', 6);
INSERT INTO student (id, first_name, last_name, address, city, phone1, phone2, class_room_id) VALUES (173, 'Bryony', 'Drummond', '1973 Orchid Close', 'Hoboken', '0972181746', '0954887332', 6);
INSERT INTO student (id, first_name, last_name, address, city, phone1, phone2, class_room_id) VALUES (174, 'Kelvin', 'Ware', '246 West Lane', 'Oxnard', '0946276171', '', 6);
INSERT INTO student (id, first_name, last_name, address, city, phone1, phone2, class_room_id) VALUES (175, 'Alayah', 'Rasmussen', '993 Well Lane', 'Oxnard', '', '0985636067', 6);
INSERT INTO student (id, first_name, last_name, address, city, phone1, phone2, class_room_id) VALUES (176, 'Gus', 'Vazquez', '130 The Glebe', 'San Luis Obispo', '0924331555', '0942436362', 6);
INSERT INTO student (id, first_name, last_name, address, city, phone1, phone2, class_room_id) VALUES (177, 'Ellise', 'Blair', '1327 Long Lane', 'Estherville', '', '0980211225', 6);
INSERT INTO student (id, first_name, last_name, address, city, phone1, phone2, class_room_id) VALUES (178, 'Phyllis', 'Harrington', '623 London Road', 'Hoquiam', '0900750062', '0942000111', 6);
INSERT INTO student (id, first_name, last_name, address, city, phone1, phone2, class_room_id) VALUES (179, 'Kelvin', 'Cottrell', '1914 The Moorings', 'Arkansas Post', '0921211868', '0957323688', 6);
INSERT INTO student (id, first_name, last_name, address, city, phone1, phone2, class_room_id) VALUES (180, 'Bilal', 'Povey', '1775 St Andrews Close', 'Decatur', '0918133173', '0977761643', 6);
INSERT INTO student (id, first_name, last_name, address, city, phone1, phone2, class_room_id) VALUES (181, 'Ellise', 'Glover', '451 Grosvenor Street', 'Roseville', '0942415263', '0904307026', 7);
INSERT INTO student (id, first_name, last_name, address, city, phone1, phone2, class_room_id) VALUES (182, 'Marlene', 'Harrington', '1291 Bramble Close', 'San Luis Obispo', '0908714375', '0970351541', 7);
INSERT INTO student (id, first_name, last_name, address, city, phone1, phone2, class_room_id) VALUES (183, 'Nakita', 'Dixon', '1845 Derwent Avenue', 'Hoboken', '', '0987110618', 7);
INSERT INTO student (id, first_name, last_name, address, city, phone1, phone2, class_room_id) VALUES (184, 'Zaydan', 'Field', '1795 Forge Lane', 'Arkansas Post', '0901548845', '0940872650', 7);
INSERT INTO student (id, first_name, last_name, address, city, phone1, phone2, class_room_id) VALUES (185, 'Kelvin', 'Pitt', '1715 The Drive', 'Little Falls', '0928374220', '0945510847', 7);
INSERT INTO student (id, first_name, last_name, address, city, phone1, phone2, class_room_id) VALUES (186, 'Bilal', 'Person', '1603 Warwick Road', 'Pass Christian', '0921082167', '0951775687', 7);
INSERT INTO student (id, first_name, last_name, address, city, phone1, phone2, class_room_id) VALUES (187, 'Frederic', 'Glover', '1861 East Avenue', 'Cushing', '', '0977283135', 7);
INSERT INTO student (id, first_name, last_name, address, city, phone1, phone2, class_room_id) VALUES (188, 'Ellise', 'Orozco', '985 Heathfield Road', 'Glen Ellyn', '0966867642', '0917525241', 7);
INSERT INTO student (id, first_name, last_name, address, city, phone1, phone2, class_room_id) VALUES (189, 'Marlene', 'Pitt', '1975 Victoria Avenue', 'Little Falls', '0900521846', '0974858240', 7);
INSERT INTO student (id, first_name, last_name, address, city, phone1, phone2, class_room_id) VALUES (190, 'Sumayya', 'Povey', '1605 Canterbury Road', 'Lumberton', '0926610540', '0947768063', 7);
INSERT INTO student (id, first_name, last_name, address, city, phone1, phone2, class_room_id) VALUES (191, 'Teegan', 'Povey', '1992 Castle Street', 'Oxnard', '', '0970016312', 7);
INSERT INTO student (id, first_name, last_name, address, city, phone1, phone2, class_room_id) VALUES (192, 'Mylo', 'Glover', '928 Victoria Avenue', 'Seattle', '0901265480', '', 7);
INSERT INTO student (id, first_name, last_name, address, city, phone1, phone2, class_room_id) VALUES (193, 'Sumayya', 'Mcclain', '1022 Wood Street', 'Randolph', '0988474443', '0943622676', 7);
INSERT INTO student (id, first_name, last_name, address, city, phone1, phone2, class_room_id) VALUES (194, 'Sahra', 'Driscoll', '468 Hardy Close', 'Moab', '0924684241', '0917843473', 7);
INSERT INTO student (id, first_name, last_name, address, city, phone1, phone2, class_room_id) VALUES (195, 'Daanyaal', 'Chan', '1715 Rowan Close', 'Huntington Beach', '0942368878', '0947388235', 7);
INSERT INTO student (id, first_name, last_name, address, city, phone1, phone2, class_room_id) VALUES (196, 'Kelvin', 'Bateman', '617 Kestrel Close', 'Lake Charles', '0935854681', '0936118103', 7);
INSERT INTO student (id, first_name, last_name, address, city, phone1, phone2, class_room_id) VALUES (197, 'Ceara', 'Cox', '1845 The Square', 'Little Falls', '0987615656', '0936125034', 7);
INSERT INTO student (id, first_name, last_name, address, city, phone1, phone2, class_room_id) VALUES (198, 'Sahra', 'Bateman', '1350 Beechwood Road', 'Corpus Christi', '', '0906720635', 7);
INSERT INTO student (id, first_name, last_name, address, city, phone1, phone2, class_room_id) VALUES (199, 'Zachariah', 'Field', '1807 Princes Street', 'Decatur', '0913213585', '0972671434', 7);
INSERT INTO student (id, first_name, last_name, address, city, phone1, phone2, class_room_id) VALUES (200, 'Gurleen', 'Nelson', '971 Milton Street', 'Glen Ellyn', '', '0940486403', 7);
INSERT INTO student (id, first_name, last_name, address, city, phone1, phone2, class_room_id) VALUES (201, 'Gus', 'Escobar', '1643 Rutland Road', 'Victorville', '0968026821', '0926737402', 7);
INSERT INTO student (id, first_name, last_name, address, city, phone1, phone2, class_room_id) VALUES (202, 'Phyllis', 'Vazquez', '4 Mill Lane', 'Peekskill', '0908425103', '', 7);
INSERT INTO student (id, first_name, last_name, address, city, phone1, phone2, class_room_id) VALUES (203, 'Ceara', 'Reyes', '1401 Castle Street', 'Kilgore', '0947635875', '0986558244', 7);
INSERT INTO student (id, first_name, last_name, address, city, phone1, phone2, class_room_id) VALUES (204, 'Reo', 'Cottrell', '1777 Ash Street', 'Corpus Christi', '', '0910470401', 7);
INSERT INTO student (id, first_name, last_name, address, city, phone1, phone2, class_room_id) VALUES (205, 'Ariyah', 'Mccullough', '280 Park Grove', 'Bartlesville', '0977664266', '0955518274', 7);
INSERT INTO student (id, first_name, last_name, address, city, phone1, phone2, class_room_id) VALUES (206, 'Alayah', 'Frey', '1487 The Drive', 'Norwich', '0961217226', '', 7);
INSERT INTO student (id, first_name, last_name, address, city, phone1, phone2, class_room_id) VALUES (207, 'Prince', 'Mcclain', '1669 Hall Lane', 'Lumberton', '0987801775', '0921243268', 7);
INSERT INTO student (id, first_name, last_name, address, city, phone1, phone2, class_room_id) VALUES (208, 'Marlene', 'Bateman', '953 The Glebe', 'Randolph', '0946628421', '', 7);
INSERT INTO student (id, first_name, last_name, address, city, phone1, phone2, class_room_id) VALUES (209, 'Bilal', 'Vazquez', '1755 The Square', 'Cushing', '0977086215', '0982267473', 7);
INSERT INTO student (id, first_name, last_name, address, city, phone1, phone2, class_room_id) VALUES (210, 'Ami', 'Dixon', '1167 Rowan Close', 'Irvington', '0934211234', '0943545865', 7);


/* Insert Teacher */
INSERT INTO teacher (id, first_name, last_name, address, city, phone1, phone2)
    VALUES (1, 'Trong', 'Phan', '357 Cach Mang Thang 8', 'Ho Chi Minh City', '0361879264', '02846103826');
INSERT INTO teacher (id, first_name, last_name, address, city, phone1, phone2)
    VALUES (2, 'Phu', 'Le', '737 Ly Thuong Kiet', 'Ho Chi Minh City', '0271937235', '');
INSERT INTO teacher (id, first_name, last_name, address, city, phone1, phone2)
    VALUES (3, 'Thanh', 'Dinh', '22/312/35 Nam Ki Khoi Nghia', 'Ho Chi Minh City', '0972937123', '');

/* insert into teacher _ class relationship */
INSERT INTO classes_teachers (class_room_id, teacher_id) VALUES (1, 1);
INSERT INTO classes_teachers (class_room_id, teacher_id) VALUES (1, 3);
INSERT INTO classes_teachers (class_room_id, teacher_id) VALUES (2, 2);
INSERT INTO classes_teachers (class_room_id, teacher_id) VALUES (2, 3);
INSERT INTO classes_teachers (class_room_id, teacher_id) VALUES (3, 1);
INSERT INTO classes_teachers (class_room_id, teacher_id) VALUES (3, 2);
INSERT INTO classes_teachers (class_room_id, teacher_id) VALUES (3, 3);